<wpml-config>
  <custom-fields>
    <custom-field action="copy">wp_ulike_pro_meta_box</custom-field>
    <custom-field action="copy">wp_ulike_pro_auto_display</custom-field>
    <custom-field action="copy">wp_ulike_pro_template</custom-field>
    <custom-field action="copy">wp_ulike_pro_display_position</custom-field>
    <custom-field action="copy">wp_ulike_pro_likes_counter_quantity</custom-field>
    <custom-field action="copy">wp_ulike_pro_dislikes_counter_quantity</custom-field>
    <custom-field action="copy">wp_ulike_pro_enable_schema</custom-field>
    <custom-field action="copy">wp_ulike_pro_schema_type</custom-field>
    <custom-field action="copy">wp_ulike_pro_title</custom-field>
    <custom-field action="copy">wp_ulike_pro_description</custom-field>
    <custom-field action="copy">wp_ulike_pro_name</custom-field>
    <custom-field action="copy">wp_ulike_pro_author</custom-field>
    <custom-field action="copy">wp_ulike_pro_day_of_week</custom-field>
    <custom-field action="copy">wp_ulike_pro_opens</custom-field>
    <custom-field action="copy">wp_ulike_pro_closes</custom-field>
    <custom-field action="copy">wp_ulike_pro_location</custom-field>
    <custom-field action="copy">wp_ulike_pro_street_address</custom-field>
    <custom-field action="copy">wp_ulike_pro_address_locality</custom-field>
    <custom-field action="copy">wp_ulike_pro_address_region</custom-field>
    <custom-field action="copy">wp_ulike_pro_postal_code</custom-field>
    <custom-field action="copy">wp_ulike_pro_address_country</custom-field>
    <custom-field action="copy">wp_ulike_pro_telephone</custom-field>
    <custom-field action="copy">wp_ulike_pro_price_range</custom-field>
    <custom-field action="copy">wp_ulike_pro_start_date</custom-field>
    <custom-field action="copy">wp_ulike_pro_end_date</custom-field>
    <custom-field action="copy">wp_ulike_pro_created_date</custom-field>
    <custom-field action="copy">wp_ulike_pro_price</custom-field>
    <custom-field action="copy">wp_ulike_pro_price_currency</custom-field>
    <custom-field action="copy">wp_ulike_pro_availability</custom-field>
    <custom-field action="copy">wp_ulike_pro_valid_date</custom-field>
    <custom-field action="copy">wp_ulike_pro_url</custom-field>
    <custom-field action="copy">wp_ulike_pro_sku</custom-field>
    <custom-field action="copy">wp_ulike_pro_mpn</custom-field>
    <custom-field action="copy">wp_ulike_pro_application_category</custom-field>
    <custom-field action="copy">wp_ulike_pro_operating_system</custom-field>
    <custom-field action="copy">wp_ulike_pro_software_version</custom-field>
    <custom-field action="copy">wp_ulike_pro_ is_accessible_for_free </custom-field>
    <custom-field action="copy">wp_ulike_pro_issn</custom-field>
    <custom-field action="copy">wp_ulike_pro_duration</custom-field>
    <custom-field action="copy">wp_ulike_pro_encoding_format</custom-field>
    <custom-field action="copy">wp_ulike_pro_num_tracks</custom-field>
    <custom-field action="copy">wp_ulike_pro_image</custom-field>
    <custom-field action="copy">wp_ulike_pro_tracks</custom-field>
    <custom-field action="copy">wp_ulike_pro_supply</custom-field>
    <custom-field action="copy">wp_ulike_pro_tool</custom-field>
    <custom-field action="copy">wp_ulike_pro_step</custom-field>
    <custom-field action="copy">wp_ulike_pro_image_list</custom-field>
    <custom-field action="copy">wp_ulike_pro_disable_star_ratings</custom-field>
    <custom-field action="copy">wp_ulike_pro_enable_time_factor_rating</custom-field>
    <custom-field action="copy">wp_ulike_pro_enable_custom_rating</custom-field>
    <custom-field action="copy">wp_ulike_pro_rating_value</custom-field>
    <custom-field action="copy">wp_ulike_pro_rating_count</custom-field>
    <custom-field action="copy">wp_ulike_pro_review_count</custom-field>
    <custom-field action="copy">wp_ulike_pro_worst_rating</custom-field>
    <custom-field action="copy">wp_ulike_pro_best_rating</custom-field>
    <custom-field action="copy">wp_ulike_pro_enable_custom_reviews</custom-field>
    <custom-field action="copy">wp_ulike_pro_reviews</custom-field>
    <custom-field action="copy">wp_ulike_pro_enable_faq</custom-field>
    <custom-field action="copy">wp_ulike_pro_faq</custom-field>
  </custom-fields>
  <admin-texts>
    <key name="wp_ulike_settings">
      <key name="filter_counter_value">
        <key name="like_prefix"/>
        <key name="unlike_prefix"/>
        <key name="dislike_prefix"/>
        <key name="undislike_prefix"/>
        <key name="like_postfix"/>
        <key name="unlike_postfix"/>
        <key name="dislike_postfix"/>
        <key name="undislike_postfix"/>
      </key>
      <key name="posts_group">
        <key name="text_group">
          <key name="like"/>
          <key name="unlike"/>
          <key name="dislike"/>
          <key name="undislike"/>
        </key>
        <key name="login_template"/>
        <key name="modal_template"/>
        <key name="likers_template"/>
        <key name="likers_modal_title"/>
        <key name="likers_modal_template"/>
      </key>
      <key name="comments_group">
        <key name="text_group">
          <key name="like"/>
          <key name="unlike"/>
          <key name="dislike"/>
          <key name="undislike"/>
        </key>
        <key name="login_template"/>
        <key name="modal_template"/>
        <key name="likers_template"/>
        <key name="likers_modal_title"/>
        <key name="likers_modal_template"/>
      </key>
      <key name="buddypress_group">
        <key name="text_group">
          <key name="like"/>
          <key name="unlike"/>
          <key name="dislike"/>
          <key name="undislike"/>
        </key>
        <key name="login_template"/>
        <key name="modal_template"/>
        <key name="likers_modal_title"/>
        <key name="likers_modal_template"/>
        <key name="likers_template"/>
        <key name="posts_notification_template"/>
        <key name="comments_notification_template"/>
      </key>
      <key name="bbpress_group">
        <key name="text_group">
          <key name="like"/>
          <key name="unlike"/>
          <key name="dislike"/>
          <key name="undislike"/>
        </key>
        <key name="login_template"/>
        <key name="modal_template"/>
        <key name="likers_template"/>
        <key name="likers_modal_title"/>
        <key name="likers_modal_template"/>
      </key>
      <key name="logged_in_message"/>
      <key name="already_registered_notice"/>
      <key name="login_required_notice"/>
      <key name="like_notice"/>
      <key name="unlike_notice"/>
      <key name="like_button_aria_label"/>
      <key name="dislike_notice"/>
      <key name="undislike_notice"/>
      <key name="dislike_button_aria_label"/>
      <key name="user_not_found"/>
      <key name="required_fields_notice"/>
      <key name="permission_denied_notice"/>
      <key name="login_success_notice"/>
      <key name="login_failed_notice"/>
      <key name="password_reset_notice"/>
      <key name="password_match_notice"/>
      <key name="empty_username_notice"/>
      <key name="invalidcombo_notice"/>
      <key name="email_error_notice"/>
      <key name="fill_signup_form_notice"/>
      <key name="error_occurred_notice"/>
      <key name="signup_success_notice"/>
      <key name="email_verification_notice"/>
      <key name="success_verification_notice"/>
      <key name="failed_verification_notice"/>
      <key name="account_not_verified_notice"/>
      <key name="disabled_registration_notice"/>
      <key name="invalid_email_notice"/>
      <key name="email_exist_notice"/>
      <key name="username_exist_notice"/>
      <key name="missing_input_secret_notice"/>
      <key name="invalid_input_secret_notice"/>
      <key name="missing_input_response_notice"/>
      <key name="invalid_input_response_notice"/>
      <key name="bad_request_notice"/>
      <key name="avatar_upload_text"/>
      <key name="avatar_edit_text"/>
      <key name="avatar_delete_text"/>
      <key name="avatar_logout_text"/>
      <key name="timeout_or_duplicate_notice"/>
      <key name="undefined_notice"/>
      <key name="score_notice"/>
      <key name="two_factor_field_title"/>
      <key name="incorrect_tfa_notice"/>
      <key name="login_username"/>
      <key name="login_password"/>
      <key name="login_remember"/>
      <key name="login_button"/>
      <key name="login_reset_password"/>
      <key name="login_signup_message"/>
      <key name="login_signup_text"/>
      <key name="signup_username"/>
      <key name="signup_firstname"/>
      <key name="signup_lastname"/>
      <key name="signup_email"/>
      <key name="signup_password"/>
      <key name="signup_button"/>
      <key name="signup_login_message"/>
      <key name="signup_login_text"/>
      <key name="rp_reset_message"/>
      <key name="rp_change_message"/>
      <key name="rp_mail_message"/>
      <key name="rp_username"/>
      <key name="rp_new_pass"/>
      <key name="rp_re_new_pass"/>
      <key name="rp_invalidkey"/>
      <key name="rp_expiredkey"/>
      <key name="rp_reset_button"/>
      <key name="rp_change_button"/>
      <key name="rp_login_message"/>
      <key name="ea_firstname"/>
      <key name="ea_lastname"/>
      <key name="ea_website"/>
      <key name="ea_description"/>
      <key name="ea_email"/>
      <key name="ea_avatar"/>
      <key name="ea_button"/>
      <key name="ea_permission_message"/>
      <key name="social_login_before"/>
      <key name="social_login_after"/>
      <key name="welcome_email">
        <key name="subject"/>
        <key name="body"/>
      </key>
      <key name="reset_password_email">
        <key name="subject"/>
        <key name="body"/>
      </key>
      <key name="change_password_email">
        <key name="subject"/>
        <key name="body"/>
      </key>
      <key name="checkmail_email">
        <key name="subject"/>
        <key name="body"/>
      </key>
      <key name="approved_email">
        <key name="subject"/>
        <key name="body"/>
      </key>
    </key>
  </admin-texts>
</wpml-config>